rss,vms,num_page_faults,peak_wset,wset,peak_paged_pool,paged_pool,peak_nonpaged_pool,nonpaged_pool,pagefile,peak_pagefile,private,cpu_times,cpu_percent
128274432.0,115482624.0,36640.0,129314816.0,128274432.0,666008.0,666008.0,1190240.0,139288.0,115482624.0,116486144.0,115482624.0,"pcputimes(user=1.0, system=0.75, children_user=0.0, children_system=0.0)",0.0
194392064.0,180084736.0,65477.0,246059008.0,194392064.0,679896.0,679896.0,1190240.0,151488.0,180084736.0,231849984.0,180084736.0,"pcputimes(user=2.671875, system=0.890625, children_user=0.0, children_system=0.0)",111.5
