rss,vms,num_page_faults,peak_wset,wset,peak_paged_pool,paged_pool,peak_nonpaged_pool,nonpaged_pool,pagefile,peak_pagefile,private,cpu_times,cpu_percent,io_counters,read_bytes,write_bytes
567152640.0,555806720.0,412726.0,1124204544.0,567152640.0,666024.0,666024.0,1191600.0,140648.0,555806720.0,1120497664.0,555806720.0,"pcputimes(user=23.640625, system=1.4375, children_user=0.0, children_system=0.0)",0.0,"pio(read_count=4874, write_count=71, read_bytes=38507189, write_bytes=125894, other_count=42195, other_bytes=1943518)",38507189.0,125894.0
2251726848.0,2241679360.0,1232278.0,3854004224.0,2251726848.0,679912.0,679912.0,1191600.0,152848.0,2241679360.0,3847708672.0,2241679360.0,"pcputimes(user=194.046875, system=2.78125, children_user=0.0, children_system=0.0)",102.3,"pio(read_count=5144, write_count=99, read_bytes=41099680, write_bytes=176142, other_count=45637, other_bytes=2097176)",41099680.0,176142.0
