rss,vms,num_page_faults,peak_wset,wset,peak_paged_pool,paged_pool,peak_nonpaged_pool,nonpaged_pool,pagefile,peak_pagefile,private,cpu_times,cpu_percent
567001088.0,556052480.0,412463.0,1123708928.0,567001088.0,666024.0,666024.0,1191600.0,140648.0,556052480.0,1119981568.0,556052480.0,"pcputimes(user=24.09375, system=1.25, children_user=0.0, children_system=0.0)",0.0
2251972608.0,2242805760.0,1232120.0,3854254080.0,2251972608.0,679912.0,679912.0,1191600.0,152848.0,2242805760.0,3848835072.0,2242805760.0,"pcputimes(user=194.359375, system=2.5625, children_user=0.0, children_system=0.0)",102.2
