rss,vms,num_page_faults,peak_wset,wset,peak_paged_pool,paged_pool,peak_nonpaged_pool,nonpaged_pool,pagefile,peak_pagefile,private,cpu_times,cpu_percent
566796288.0,555769856.0,412578.0,1123545088.0,566796288.0,666008.0,666008.0,1191600.0,140648.0,555769856.0,1119846400.0,555769856.0,"pcputimes(user=26.203125, system=1.359375, children_user=0.0, children_system=0.0)",0.0
767893504.0,775462912.0,514322.0,1123545088.0,767893504.0,801664.0,801664.0,1191600.0,181032.0,775462912.0,1119846400.0,775462912.0,"pcputimes(user=83.796875, system=2.03125, children_user=0.0, children_system=0.0)",101.8
