rss,vms,num_page_faults,peak_wset,wset,peak_paged_pool,paged_pool,peak_nonpaged_pool,nonpaged_pool,pagefile,peak_pagefile,private,cpu_times,cpu_percent,io_counters,read_bytes,write_bytes
634744832.0,604934144.0,428883.0,1123794944.0,634744832.0,801016.0,801016.0,1191600.0,171104.0,604934144.0,1119776768.0,604934144.0,"pcputimes(user=25.609375, system=1.546875, children_user=0.0, children_system=0.0)",0.0,"pio(read_count=6188, write_count=86, read_bytes=46139859, write_bytes=155114, other_count=64534, other_bytes=3221488)",46139859.0,155114.0
903143424.0,910217216.0,548692.0,1123794944.0,903143424.0,802256.0,802256.0,1235520.0,184424.0,910217216.0,1119776768.0,910217216.0,"pcputimes(user=139.578125, system=2.09375, children_user=0.0, children_system=0.0)",197.7,"pio(read_count=6245, write_count=115, read_bytes=46509360, write_bytes=209458, other_count=84821, other_bytes=3225610)",46509360.0,209458.0
2340601856.0,2326233088.0,1333188.0,3943981056.0,2340601856.0,802256.0,802256.0,1235520.0,181976.0,2326233088.0,3933069312.0,2326233088.0,"pcputimes(user=256.0, system=3.328125, children_user=0.0, children_system=0.0)",103.6,"pio(read_count=6255, write_count=115, read_bytes=46653054, write_bytes=209458, other_count=84988, other_bytes=3231338)",46653054.0,209458.0
