rss,vms,num_page_faults,peak_wset,wset,peak_paged_pool,paged_pool,peak_nonpaged_pool,nonpaged_pool,pagefile,peak_pagefile,private,cpu_times,cpu_percent
128065536.0,115281920.0,36512.0,129093632.0,128065536.0,666008.0,666008.0,1190240.0,139384.0,115281920.0,116228096.0,115281920.0,"pcputimes(user=1.0625, system=0.703125, children_user=0.0, children_system=0.0)",0.0
228134912.0,256163840.0,85115.0,253177856.0,228134912.0,797568.0,797568.0,1190240.0,179640.0,256163840.0,282353664.0,256163840.0,"pcputimes(user=10.5, system=1.671875, children_user=0.0, children_system=0.0)",114.8
